county_fips,G_rnd
1001,0
1003,0
1005,0
1007,0
1009,0
1011,0
1013,0
1015,0
1017,0
1019,0
1021,0
1023,0
1025,0
1027,0
1029,0
1031,0
1033,0
1035,0
1037,0
1039,0
1041,0
1043,0
1045,0
1047,0
1049,0
1051,0
1053,0
1055,0
1057,0
1059,0
1061,0
1063,0
1065,0
1067,0
1069,0
1071,0
1073,0
1075,0
1077,0
1079,0
1081,0
1083,0
1085,0
1087,0
1089,0
1091,0
1093,0
1095,0
1097,0
1099,0
1101,0
1103,0
1105,0
1107,0
1109,0
1111,0
1113,0
1115,0
1117,0
1119,0
1121,0
1123,0
1125,0
1127,0
1129,0
1131,0
1133,0
8001,0
8003,0
8005,0
8007,0
8009,0
8011,0
8013,0
8014,0
8015,0
8017,0
8019,0
8021,0
8023,0
8025,0
8027,0
8029,0
8031,0
8033,0
8035,0
8037,0
8039,0
8041,0
8043,0
8045,0
8047,0
8049,0
8051,0
8053,0
8055,0
8057,0
8059,0
8061,0
8063,0
8065,0
8067,0
8069,0
8071,0
8073,0
8075,0
8077,0
8079,0
8081,0
8083,0
8085,0
8087,0
8089,0
8091,0
8093,0
8095,0
8097,0
8099,0
8101,0
8103,0
8105,0
8107,0
8109,0
8111,0
8113,0
8115,0
8117,0
8119,0
8121,0
8123,0
8125,0
11001,0
12001,2012
12003,2012
12005,2012
12007,2012
12009,2012
12011,2012
12013,2012
12015,2012
12017,2012
12019,2012
12021,2012
12023,2012
12027,2012
12029,2012
12031,2012
12033,2012
12035,2012
12037,2012
12039,2012
12041,2012
12043,2012
12045,2012
12047,2012
12049,2012
12051,2012
12053,2012
12055,2012
12057,2012
12059,2012
12061,2012
12063,2012
12065,2012
12067,2012
12069,2012
12071,2012
12073,2012
12075,2012
12077,2012
12079,2012
12081,2012
12083,2012
12085,2012
12086,2012
12087,2012
12089,2012
12091,2012
12093,2012
12095,2012
12097,2012
12099,2012
12101,2012
12103,2012
12105,2012
12107,2012
12109,2012
12111,2012
12113,2012
12115,2012
12117,2012
12119,2012
12121,2012
12123,2012
12125,2012
12127,2012
12129,2012
12131,2012
12133,2012
13001,1998
13003,1998
13005,1998
13007,1998
13009,1998
13011,1998
13013,1998
13015,1998
13017,1998
13019,1998
13021,1998
13023,1998
13025,1998
13027,1998
13029,1998
13031,1998
13033,1998
13035,1998
13037,1998
13039,1998
13043,1998
13045,1998
13047,1998
13049,1998
13051,1998
13053,1998
13055,1998
13057,1998
13059,1998
13061,1998
13063,1998
13065,1998
13067,1998
13069,1998
13071,1998
13073,1998
13075,1998
13077,1998
13079,1998
13081,1998
13083,1998
13085,1998
13087,1998
13089,1998
13091,1998
13093,1998
13095,1998
13097,1998
13099,1998
13101,1998
13103,1998
13105,1998
13107,1998
13109,1998
13111,1998
13113,1998
13115,1998
13117,1998
13119,1998
13121,1998
13123,1998
13125,1998
13127,1998
13129,1998
13131,1998
13133,1998
13135,1998
13137,1998
13139,1998
13141,1998
13143,1998
13145,1998
13147,1998
13149,1998
13151,1998
13153,1998
13155,1998
13157,1998
13159,1998
13161,1998
13163,1998
13165,1998
13167,1998
13169,1998
13171,1998
13173,1998
13175,1998
13177,1998
13179,1998
13181,1998
13183,1998
13185,1998
13187,1998
13189,1998
13191,1998
13193,1998
13195,1998
13197,1998
13199,1998
13201,1998
13205,1998
13207,1998
13209,1998
13211,1998
13213,1998
13215,1998
13217,1998
13219,1998
13221,1998
13223,1998
13225,1998
13227,1998
13229,1998
13231,1998
13233,1998
13235,1998
13237,1998
13239,1998
13241,1998
13243,1998
13245,1998
13247,1998
13249,1998
13251,1998
13253,1998
13255,1998
13257,1998
13259,1998
13261,1998
13263,1998
13265,1998
13267,1998
13269,1998
13271,1998
13273,1998
13275,1998
13277,1998
13279,1998
13281,1998
13283,1998
13285,1998
13287,1998
13289,1998
13291,1998
13293,1998
13295,1998
13297,1998
13299,1998
13301,1998
13303,1998
13305,1998
13307,1998
13309,1998
13311,1998
13313,1998
13315,1998
13317,1998
13319,1998
13321,1998
17001,1991
17003,1991
17005,1991
17007,1991
17009,1991
17011,1991
17013,1991
17015,1991
17017,1991
17019,1991
17021,1991
17023,1991
17025,1991
17027,1991
17029,1991
17031,1991
17033,1991
17035,1991
17037,1991
17039,1991
17041,1991
17043,1991
17045,1991
17047,1991
17049,1991
17051,1991
17053,1991
17055,1991
17057,1991
17059,1991
17061,1991
17063,1991
17065,1991
17067,1991
17069,1991
17071,1991
17073,1991
17075,1991
17077,1991
17079,1991
17081,1991
17083,1991
17085,1991
17087,1991
17089,1991
17091,1991
17093,1991
17095,1991
17097,1991
17099,1991
17101,1991
17103,1991
17105,1991
17107,1991
17109,1991
17111,1991
17113,1991
17115,1991
17117,1991
17119,1991
17121,1991
17123,1991
17125,1991
17127,1991
17129,1991
17131,1991
17133,1991
17135,1991
17137,1991
17139,1991
17141,1991
17143,1991
17145,1991
17147,1991
17149,1991
17151,1991
17153,1991
17155,1991
17157,1991
17159,1991
17161,1991
17163,1991
17165,1991
17167,1991
17169,1991
17171,1991
17173,1991
17175,1991
17177,1991
17179,1991
17181,1991
17183,1991
17185,1991
17187,1991
17189,1991
17191,1991
17193,1991
17195,1991
17197,1991
17199,1991
17201,1991
17203,1991
21001,0
21003,0
21005,0
21007,0
21009,0
21011,0
21013,0
21015,0
21017,0
21019,0
21021,0
21023,0
21025,0
21027,0
21029,0
21031,0
21033,0
21035,0
21037,0
21039,0
21041,0
21043,0
21045,0
21047,0
21049,0
21051,0
21053,0
21055,0
21057,0
21059,0
21061,0
21063,0
21065,0
21067,0
21069,0
21071,0
21073,0
21075,0
21077,0
21079,0
21081,0
21083,0
21085,0
21087,0
21089,0
21091,0
21093,0
21095,0
21097,0
21099,0
21101,0
21103,0
21105,0
21107,0
21109,0
21111,0
21113,0
21115,0
21117,0
21119,0
21121,0
21123,0
21125,0
21127,0
21129,0
21131,0
21133,0
21135,0
21137,0
21139,0
21141,0
21143,0
21145,0
21147,0
21149,0
21151,0
21153,0
21155,0
21157,0
21159,0
21161,0
21163,0
21165,0
21167,0
21169,0
21171,0
21173,0
21175,0
21177,0
21179,0
21181,0
21183,0
21185,0
21187,0
21189,0
21191,0
21193,0
21195,0
21197,0
21199,0
21201,0
21203,0
21205,0
21207,0
21209,0
21211,0
21213,0
21215,0
21217,0
21219,0
21221,0
21223,0
21225,0
21227,0
21229,0
21231,0
21233,0
21235,0
21237,0
21239,0
22001,2003
22003,2003
22005,2003
22007,2003
22009,2003
22011,2003
22013,2003
22015,2003
22017,2003
22019,2003
22021,2003
22023,2003
22025,2003
22027,2003
22029,2003
22031,2003
22033,2003
22035,2003
22037,2003
22039,2003
22041,2003
22043,2003
22045,2003
22047,2003
22049,2003
22051,2003
22053,2003
22055,2003
22057,2003
22059,2003
22061,2003
22063,2003
22065,2003
22067,2003
22069,2003
22071,2003
22073,2003
22075,2003
22077,2003
22079,2003
22081,2003
22083,2003
22085,2003
22087,2003
22089,2003
22091,2003
22093,2003
22095,2003
22097,2003
22099,2003
22101,2003
22103,2003
22105,2003
22107,2003
22109,2003
22111,2003
22113,2003
22115,2003
22117,2003
22119,2003
22121,2003
22123,2003
22125,2003
22127,2003
24001,2000
24003,2000
24005,2000
24009,2000
24011,2000
24013,2000
24015,2000
24017,2000
24019,2000
24021,2000
24023,2000
24025,2000
24027,2000
24029,2000
24031,2000
24033,2000
24035,2000
24037,2000
24039,2000
24041,2000
24043,2000
24045,2000
24047,2000
24510,2000
25001,1991
25003,1991
25005,1991
25007,1991
25009,1991
25011,1991
25013,1991
25015,1991
25017,1991
25019,1991
25021,1991
25023,1991
25025,1991
25027,1991
26001,2008
26003,2008
26005,2008
26007,2008
26009,2008
26011,2008
26013,2008
26015,2008
26017,2008
26019,2008
26021,2008
26023,2008
26025,2008
26027,2008
26029,2008
26031,2008
26033,2008
26035,2008
26037,2008
26039,2008
26041,2008
26043,2008
26045,2008
26047,2008
26049,2008
26051,2008
26053,2008
26055,2008
26057,2008
26059,2008
26061,2008
26063,2008
26065,2008
26067,2008
26069,2008
26071,2008
26073,2008
26075,2008
26077,2008
26079,2008
26081,2008
26083,2008
26085,2008
26087,2008
26089,2008
26091,2008
26093,2008
26095,2008
26097,2008
26099,2008
26101,2008
26103,2008
26105,2008
26107,2008
26109,2008
26111,2008
26113,2008
26115,2008
26117,2008
26119,2008
26121,2008
26123,2008
26125,2008
26127,2008
26129,2008
26131,2008
26133,2008
26135,2008
26137,2008
26139,2008
26141,2008
26143,2008
26145,2008
26147,2008
26149,2008
26151,2008
26153,2008
26155,2008
26157,2008
26159,2008
26161,2008
26163,2008
26165,2008
29001,2001
29003,2001
29005,2001
29007,2001
29009,2001
29011,2001
29013,2001
29015,2001
29017,2001
29019,2001
29021,2001
29023,2001
29025,2001
29027,2001
29029,2001
29031,2001
29033,2001
29035,2001
29037,2001
29039,2001
29041,2001
29043,2001
29045,2001
29047,2001
29049,2001
29051,2001
29053,2001
29055,2001
29057,2001
29059,2001
29061,2001
29063,2001
29065,2001
29067,2001
29069,2001
29071,2001
29073,2001
29075,2001
29077,2001
29079,2001
29081,2001
29083,2001
29085,2001
29087,2001
29089,2001
29091,2001
29093,2001
29095,2001
29097,2001
29099,2001
29101,2001
29103,2001
29105,2001
29107,2001
29109,2001
29111,2001
29113,2001
29115,2001
29117,2001
29119,2001
29121,2001
29123,2001
29125,2001
29127,2001
29129,2001
29131,2001
29133,2001
29135,2001
29137,2001
29139,2001
29141,2001
29143,2001
29145,2001
29147,2001
29149,2001
29151,2001
29153,2001
29155,2001
29157,2001
29159,2001
29161,2001
29163,2001
29165,2001
29167,2001
29169,2001
29171,2001
29173,2001
29175,2001
29177,2001
29179,2001
29181,2001
29183,2001
29185,2001
29186,2001
29187,2001
29189,2001
29195,2001
29197,2001
29199,2001
29201,2001
29203,2001
29205,2001
29207,2001
29209,2001
29211,2001
29213,2001
29215,2001
29217,2001
29219,2001
29221,2001
29223,2001
29225,2001
29227,2001
29229,2001
29510,2001
31001,2006
31003,2006
31005,2006
31007,2006
31009,2006
31011,2006
31013,2006
31015,2006
31017,2006
31019,2006
31021,2006
31023,2006
31025,2006
31027,2006
31029,2006
31031,2006
31033,2006
31035,2006
31037,2006
31039,2006
31041,2006
31043,2006
31045,2006
31047,2006
31049,2006
31051,2006
31053,2006
31055,2006
31057,2006
31059,2006
31061,2006
31063,2006
31065,2006
31067,2006
31069,2006
31071,2006
31073,2006
31075,2006
31077,2006
31079,2006
31081,2006
31083,2006
31085,2006
31087,2006
31089,2006
31091,2006
31093,2006
31095,2006
31097,2006
31099,2006
31101,2006
31103,2006
31105,2006
31107,2006
31109,2006
31111,2006
31113,2006
31115,2006
31117,2006
31119,2006
31121,2006
31123,2006
31125,2006
31127,2006
31129,2006
31131,2006
31133,2006
31135,2006
31137,2006
31139,2006
31141,2006
31143,2006
31145,2006
31147,2006
31149,2006
31151,2006
31153,2006
31155,2006
31157,2006
31159,2006
31161,2006
31163,2006
31165,2006
31167,2006
31169,2006
31171,2006
31173,2006
31175,2006
31177,2006
31179,2006
31181,2006
31183,2006
31185,2006
32001,0
32003,0
32005,0
32007,0
32009,0
32011,0
32013,0
32015,0
32017,0
32019,0
32021,0
32023,0
32027,0
32029,0
32031,0
32033,0
32510,0
34001,1994
34003,1994
34005,1994
34007,1994
34009,1994
34011,1994
34013,1994
34015,1994
34017,1994
34019,1994
34021,1994
34023,1994
34025,1994
34027,1994
34029,1994
34031,1994
34033,1994
34035,1994
34037,1994
34039,1994
34041,1994
35001,2000
35003,2000
35005,2000
35006,2000
35007,2000
35009,2000
35011,2000
35013,2000
35015,2000
35017,2000
35019,2000
35021,2000
35023,2000
35025,2000
35027,2000
35028,2000
35029,2000
35031,2000
35033,2000
35035,2000
35037,2000
35039,2000
35041,2000
35043,2000
35045,2000
35047,2000
35049,2000
35051,2000
35053,2000
35055,2000
35057,2000
35059,2000
35061,2000
36001,2010
36003,2010
36005,2010
36007,2010
36009,2010
36011,2010
36013,2010
36015,2010
36017,2010
36019,2010
36021,2010
36023,2010
36025,2010
36027,2010
36029,2010
36031,2010
36033,2010
36035,2010
36037,2010
36039,2010
36041,2010
36043,2010
36045,2010
36047,2010
36049,2010
36051,2010
36053,2010
36055,2010
36057,2010
36059,2010
36061,2010
36063,2010
36065,2010
36067,2010
36069,2010
36071,2010
36073,2010
36075,2010
36077,2010
36079,2010
36081,2010
36083,2010
36085,2010
36087,2010
36089,2010
36091,2010
36093,2010
36095,2010
36097,2010
36099,2010
36101,2010
36103,2010
36105,2010
36107,2010
36109,2010
36111,2010
36113,2010
36115,2010
36117,2010
36119,2010
36121,2010
36123,2010
37001,1996
37003,1996
37005,1996
37007,1996
37009,1996
37011,1996
37013,1996
37015,1996
37017,1996
37019,1996
37021,1996
37023,1996
37025,1996
37027,1996
37029,1996
37031,1996
37033,1996
37035,1996
37037,1996
37039,1996
37041,1996
37043,1996
37045,1996
37047,1996
37049,1996
37051,1996
37053,1996
37055,1996
37057,1996
37059,1996
37061,1996
37063,1996
37065,1996
37067,1996
37069,1996
37071,1996
37073,1996
37075,1996
37077,1996
37079,1996
37081,1996
37083,1996
37085,1996
37087,1996
37089,1996
37091,1996
37093,1996
37095,1996
37097,1996
37099,1996
37101,1996
37103,1996
37105,1996
37107,1996
37109,1996
37111,1996
37113,1996
37115,1996
37117,1996
37119,1996
37121,1996
37123,1996
37125,1996
37127,1996
37129,1996
37131,1996
37133,1996
37135,1996
37137,1996
37139,1996
37141,1996
37143,1996
37145,1996
37147,1996
37149,1996
37151,1996
37153,1996
37155,1996
37157,1996
37159,1996
37161,1996
37163,1996
37165,1996
37167,1996
37169,1996
37171,1996
37173,1996
37175,1996
37177,1996
37179,1996
37181,1996
37183,1996
37185,1996
37187,1996
37189,1996
37191,1996
37193,1996
37195,1996
37197,1996
37199,1996
39001,2004
39003,2004
39005,2004
39007,2004
39009,2004
39011,2004
39013,2004
39015,2004
39017,2004
39019,2004
39021,2004
39023,2004
39025,2004
39027,2004
39029,2004
39031,2004
39033,2004
39035,2004
39037,2004
39039,2004
39041,2004
39043,2004
39045,2004
39047,2004
39049,2004
39051,2004
39053,2004
39055,2004
39057,2004
39059,2004
39061,2004
39063,2004
39065,2004
39067,2004
39069,2004
39071,2004
39073,2004
39075,2004
39077,2004
39079,2004
39081,2004
39083,2004
39085,2004
39087,2004
39089,2004
39091,2004
39093,2004
39095,2004
39097,2004
39099,2004
39101,2004
39103,2004
39105,2004
39107,2004
39109,2004
39111,2004
39113,2004
39115,2004
39117,2004
39119,2004
39121,2004
39123,2004
39125,2004
39127,2004
39129,2004
39131,2004
39133,2004
39135,2004
39137,2004
39139,2004
39141,2004
39143,2004
39145,2004
39147,2004
39149,2004
39151,2004
39153,2004
39155,2004
39157,2004
39159,2004
39161,2004
39163,2004
39165,2004
39167,2004
39169,2004
39171,2004
39173,2004
39175,2004
42001,1997
42003,1997
42005,1997
42007,1997
42009,1997
42011,1997
42013,1997
42015,1997
42017,1997
42019,1997
42021,1997
42023,1997
42025,1997
42027,1997
42029,1997
42031,1997
42033,1997
42035,1997
42037,1997
42039,1997
42041,1997
42043,1997
42045,1997
42047,1997
42049,1997
42051,1997
42053,1997
42055,1997
42057,1997
42059,1997
42061,1997
42063,1997
42065,1997
42067,1997
42069,1997
42071,1997
42073,1997
42075,1997
42077,1997
42079,1997
42081,1997
42083,1997
42085,1997
42087,1997
42089,1997
42091,1997
42093,1997
42095,1997
42097,1997
42099,1997
42101,1997
42103,1997
42105,1997
42107,1997
42109,1997
42111,1997
42113,1997
42115,1997
42117,1997
42119,1997
42121,1997
42123,1997
42125,1997
42127,1997
42129,1997
42131,1997
42133,1997
45001,2002
45003,2002
45005,2002
45007,2002
45009,2002
45011,2002
45013,2002
45015,2002
45017,2002
45019,2002
45021,2002
45023,2002
45025,2002
45027,2002
45029,2002
45031,2002
45033,2002
45035,2002
45037,2002
45039,2002
45041,2002
45043,2002
45045,2002
45047,2002
45049,2002
45051,2002
45053,2002
45055,2002
45057,2002
45059,2002
45061,2002
45063,2002
45065,2002
45067,2002
45069,2002
45071,2002
45073,2002
45075,2002
45077,2002
45079,2002
45081,2002
45083,2002
45085,2002
45087,2002
45089,2002
45091,2002
47001,0
47003,0
47005,0
47007,0
47009,0
47011,0
47013,0
47015,0
47017,0
47019,0
47021,0
47023,0
47025,0
47027,0
47029,0
47031,0
47033,0
47035,0
47037,0
47039,0
47041,0
47043,0
47045,0
47047,0
47049,0
47051,0
47053,0
47055,0
47057,0
47059,0
47061,0
47063,0
47065,0
47067,0
47069,0
47071,0
47073,0
47075,0
47077,0
47079,0
47081,0
47083,0
47085,0
47087,0
47089,0
47091,0
47093,0
47095,0
47097,0
47099,0
47101,0
47103,0
47105,0
47107,0
47109,0
47111,0
47113,0
47115,0
47117,0
47119,0
47121,0
47123,0
47125,0
47127,0
47129,0
47131,0
47133,0
47135,0
47137,0
47139,0
47141,0
47143,0
47145,0
47147,0
47149,0
47151,0
47153,0
47155,0
47157,0
47159,0
47161,0
47163,0
47165,0
47167,0
47169,0
47171,0
47173,0
47175,0
47177,0
47179,0
47181,0
47183,0
47185,0
47187,0
47189,0
48001,2000
48003,2000
48005,2000
48007,2000
48009,2000
48011,2000
48013,2000
48015,2000
48017,2000
48019,2000
48021,2000
48023,2000
48025,2000
48027,2000
48029,2000
48031,2000
48033,2000
48035,2000
48037,2000
48039,2000
48041,2000
48043,2000
48045,2000
48047,2000
48049,2000
48051,2000
48053,2000
48055,2000
48057,2000
48059,2000
48061,2000
48063,2000
48065,2000
48067,2000
48069,2000
48071,2000
48073,2000
48075,2000
48077,2000
48079,2000
48081,2000
48083,2000
48085,2000
48087,2000
48089,2000
48091,2000
48093,2000
48095,2000
48097,2000
48099,2000
48101,2000
48103,2000
48105,2000
48107,2000
48109,2000
48111,2000
48113,2000
48115,2000
48117,2000
48119,2000
48121,2000
48123,2000
48125,2000
48127,2000
48129,2000
48131,2000
48133,2000
48135,2000
48137,2000
48139,2000
48141,2000
48143,2000
48145,2000
48147,2000
48149,2000
48151,2000
48153,2000
48155,2000
48157,2000
48159,2000
48161,2000
48163,2000
48165,2000
48167,2000
48169,2000
48171,2000
48173,2000
48175,2000
48177,2000
48179,2000
48181,2000
48183,2000
48185,2000
48187,2000
48189,2000
48191,2000
48193,2000
48195,2000
48197,2000
48199,2000
48201,2000
48203,2000
48205,2000
48207,2000
48209,2000
48211,2000
48213,2000
48215,2000
48217,2000
48219,2000
48221,2000
48223,2000
48225,2000
48227,2000
48229,2000
48231,2000
48233,2000
48235,2000
48237,2000
48239,2000
48241,2000
48243,2000
48245,2000
48247,2000
48249,2000
48251,2000
48253,2000
48255,2000
48257,2000
48259,2000
48261,2000
48263,2000
48265,2000
48267,2000
48269,2000
48271,2000
48273,2000
48275,2000
48277,2000
48279,2000
48281,2000
48283,2000
48285,2000
48287,2000
48289,2000
48291,2000
48293,2000
48295,2000
48297,2000
48299,2000
48301,2000
48303,2000
48305,2000
48307,2000
48309,2000
48311,2000
48313,2000
48315,2000
48317,2000
48319,2000
48321,2000
48323,2000
48325,2000
48327,2000
48329,2000
48331,2000
48333,2000
48335,2000
48337,2000
48339,2000
48341,2000
48343,2000
48345,2000
48347,2000
48349,2000
48351,2000
48353,2000
48355,2000
48357,2000
48359,2000
48361,2000
48363,2000
48365,2000
48367,2000
48369,2000
48371,2000
48373,2000
48375,2000
48377,2000
48379,2000
48381,2000
48383,2000
48385,2000
48387,2000
48389,2000
48391,2000
48393,2000
48395,2000
48397,2000
48399,2000
48401,2000
48403,2000
48405,2000
48407,2000
48409,2000
48411,2000
48413,2000
48415,2000
48417,2000
48419,2000
48421,2000
48423,2000
48425,2000
48427,2000
48429,2000
48431,2000
48433,2000
48435,2000
48437,2000
48439,2000
48441,2000
48443,2000
48445,2000
48447,2000
48449,2000
48451,2000
48453,2000
48455,2000
48457,2000
48459,2000
48461,2000
48463,2000
48465,2000
48467,2000
48469,2000
48471,2000
48473,2000
48475,2000
48477,2000
48479,2000
48481,2000
48483,2000
48485,2000
48487,2000
48489,2000
48491,2000
48493,2000
48495,2000
48497,2000
48499,2000
48501,2000
48503,2000
48505,2000
48507,2000
51001,0
51003,0
51005,0
51007,0
51009,0
51011,0
51013,0
51015,0
51017,0
51019,0
51021,0
51023,0
51025,0
51027,0
51029,0
51031,0
51033,0
51035,0
51036,0
51037,0
51041,0
51043,0
51045,0
51047,0
51049,0
51051,0
51053,0
51057,0
51059,0
51061,0
51063,0
51065,0
51067,0
51069,0
51071,0
51073,0
51075,0
51077,0
51079,0
51081,0
51083,0
51085,0
51087,0
51089,0
51091,0
51093,0
51095,0
51097,0
51099,0
51101,0
51103,0
51105,0
51107,0
51109,0
51111,0
51113,0
51115,0
51117,0
51119,0
51121,0
51125,0
51127,0
51131,0
51133,0
51135,0
51137,0
51139,0
51141,0
51143,0
51145,0
51147,0
51149,0
51153,0
51155,0
51157,0
51159,0
51161,0
51163,0
51165,0
51167,0
51169,0
51171,0
51173,0
51175,0
51177,0
51179,0
51181,0
51183,0
51185,0
51187,0
51191,0
51193,0
51195,0
51197,0
51199,0
51510,0
51520,0
51530,0
51540,0
51550,0
51570,0
51580,0
51590,0
51595,0
51600,0
51610,0
51620,0
51630,0
51640,0
51650,0
51660,0
51670,0
51678,0
51680,0
51683,0
51685,0
51690,0
51700,0
51710,0
51720,0
51730,0
51735,0
51740,0
51750,0
51760,0
51770,0
51775,0
51790,0
51800,0
51810,0
51820,0
51830,0
51840,0
53001,1994
53003,1994
53005,1994
53007,1994
53009,1994
53011,1994
53013,1994
53015,1994
53017,1994
53019,1994
53021,1994
53023,1994
53025,1994
53027,1994
53029,1994
53031,1994
53033,1994
53035,1994
53037,1994
53039,1994
53041,1994
53043,1994
53045,1994
53047,1994
53049,1994
53051,1994
53053,1994
53055,1994
53057,1994
53059,1994
53061,1994
53063,1994
53065,1994
53067,1994
53069,1994
53071,1994
53073,1994
53075,1994
53077,1994
